filename,size_bytes,exif_DateTimeOriginal,xmp_DateCreated,fs_birthtime_local,fs_birthtime_utc,assetsd_timeZoneName,assetsd_creatorBundleID,assetsd_importedByDisplayName,exif_UserComment,assetsd_cloudAsset_UUID,assetsd_UUID,quarantine_agent,quarantine_timestamp_utc,sha256
IMG_3305.PNG,514144,2026:08:08 00:04:33,2026-08-08T00:04:33,2026-08-08 00:04:33,2026-08-07 16:04:33 UTC,Australia/Perth,com.apple.springboard,SpringBoard,Screenshot,6965B7CE-751C-4919-A7B1-97B1D76A6533,6965B7CE-751C-4919-A7B1-97B1D76A6533,sharingd,2026-08-07 17:13:29 UTC,82bc9ed237aeeb443ca3d2eed451cb0c6fbd4b6ddb0d88952ef8008d33342221
IMG_3306.PNG,524231,2026:08:08 00:05:34,2026-08-08T00:05:34,2026-08-08 00:05:34,2026-08-07 16:05:34 UTC,Australia/Perth,com.apple.springboard,SpringBoard,Screenshot,BBD7A7A9-CECF-4EFF-9DEA-4666451B3034,BBD7A7A9-CECF-4EFF-9DEA-4666451B3034,sharingd,2026-08-07 17:13:29 UTC,b31a4f8b25a9acf7fe16d2226ae43f79e551f90a96d4726f7f0fb9196d833baf
IMG_3307.PNG,436691,2026:08:08 00:16:28,2026-08-08T00:16:28,2026-08-08 00:16:28,2026-08-07 16:16:28 UTC,Australia/Perth,com.apple.springboard,SpringBoard,Screenshot,A983CFB1-FF13-489C-A6C7-A98D631E1DD9,A983CFB1-FF13-489C-A6C7-A98D631E1DD9,sharingd,2026-08-07 17:13:29 UTC,054c634dd9b1b9146affa0cb1e31a972b9c5ce220b9c615b2f94aa97d6f94010
IMG_3308.PNG,489577,2026:08:08 00:21:46,2026-08-08T00:21:46,2026-08-08 00:21:46,2026-08-07 16:21:46 UTC,Australia/Perth,com.apple.springboard,SpringBoard,Screenshot,CD5FE365-9767-4B54-81AF-9B57B190019D,CD5FE365-9767-4B54-81AF-9B57B190019D,sharingd,2026-08-07 17:13:29 UTC,3bb3b28f8fe4f405e7cd07675a3e23b77d99e8f6613523e60a180dc6494ca6cb
IMG_3309.PNG,735173,2026:08:08 01:01:46,2026-08-08T01:01:46,2026-08-08 01:01:46,2026-08-07 17:01:46 UTC,Australia/Perth,com.apple.springboard,SpringBoard,Screenshot,4C34080A-16D6-4DC2-B00F-C79B58223A5E,4C34080A-16D6-4DC2-B00F-C79B58223A5E,sharingd,2026-08-07 17:13:29 UTC,e574026be41b632f05d08fbaed797fa48f51a69ac2eaf7dc0c2ffad71f367a99
IMG_3310.PNG,583421,2026:08:08 01:02:53,2026-08-08T01:02:53,2026-08-08 01:02:53,2026-08-07 17:02:53 UTC,Australia/Perth,com.apple.springboard,SpringBoard,Screenshot,EC90DE5A-4AC0-4CE5-B577-73C1EBF94173,EC90DE5A-4AC0-4CE5-B577-73C1EBF94173,sharingd,2026-08-07 17:13:29 UTC,33ce1c1d49a3034a816d9f19f2cb2b1c1e1a37d068f8c1ee0375bfcbfaefa98a
IMG_3311.PNG,454490,2026:08:08 01:03:01,2026-08-08T01:03:01,2026-08-08 01:03:01,2026-08-07 17:03:01 UTC,Australia/Perth,com.apple.springboard,SpringBoard,Screenshot,D3779805-A725-4B73-8EDC-C0CDAFCF7F8B,D3779805-A725-4B73-8EDC-C0CDAFCF7F8B,sharingd,2026-08-07 17:13:29 UTC,1f3b07ba0b26628936fc973c0bc4dfb0fdb4b5a03c26c36f03b520ab62d1f8b4
IMG_3312.PNG,414405,2026:08:08 01:03:04,2026-08-08T01:03:04,2026-08-08 01:03:04,2026-08-07 17:03:04 UTC,Australia/Perth,com.apple.springboard,SpringBoard,Screenshot,EFF9ACFE-E561-4969-9F32-D5CEC5EFB1DE,EFF9ACFE-E561-4969-9F32-D5CEC5EFB1DE,sharingd,2026-08-07 17:13:29 UTC,0ba69ee3ecae5d97855ec3b891e57b08d5bfc6adcd2c9652495c0aa8e865a704
IMG_3313.PNG,518100,2026:08:08 01:04:08,2026-08-08T01:04:08,2026-08-08 01:04:08,2026-08-07 17:04:08 UTC,Australia/Perth,com.apple.springboard,SpringBoard,Screenshot,735278AD-EB5B-4D6C-B1D2-53AAB9AFF792,735278AD-EB5B-4D6C-B1D2-53AAB9AFF792,sharingd,2026-08-07 17:13:29 UTC,0cb5d8b359c40d78a773e7bd93aaa890f091406ab2ce6dd98c772c6bfbbc16d6
IMG_3314.PNG,496485,2026:08:08 01:04:14,2026-08-08T01:04:14,2026-08-08 01:04:14,2026-08-07 17:04:14 UTC,Australia/Perth,com.apple.springboard,SpringBoard,Screenshot,073CB39B-F2A8-43A1-B8A6-C8CE2B9FE028,073CB39B-F2A8-43A1-B8A6-C8CE2B9FE028,sharingd,2026-08-07 17:13:29 UTC,75dba17f6856cccb46bfbb157e6cc3bb473dd0f12b18e399bf6af1aeaa5b675e
IMG_3315.PNG,538996,2026:08:08 01:04:17,2026-08-08T01:04:17,2026-08-08 01:04:17,2026-08-07 17:04:17 UTC,Australia/Perth,com.apple.springboard,SpringBoard,Screenshot,978458ED-0457-4465-B990-AD37C2ABFC6A,978458ED-0457-4465-B990-AD37C2ABFC6A,sharingd,2026-08-07 17:13:29 UTC,84c456e0c318fd92d777a91cf1efb9a3a7aedb33ee58456b2c77e9ba7b23eeef
IMG_3316.PNG,488567,2026:08:08 01:04:20,2026-08-08T01:04:20,2026-08-08 01:04:20,2026-08-07 17:04:20 UTC,Australia/Perth,com.apple.springboard,SpringBoard,Screenshot,3B04B84D-DCBD-48A6-A7FB-F452A99D4CD2,3B04B84D-DCBD-48A6-A7FB-F452A99D4CD2,sharingd,2026-08-07 17:13:29 UTC,ae92643d459d6b2c3740fa99c0a7555ab154172dd8a1a742f42a74fdd9d9edb5
IMG_3317.PNG,431152,2026:08:08 01:04:21,2026-08-08T01:04:21,2026-08-08 01:04:21,2026-08-07 17:04:21 UTC,Australia/Perth,com.apple.springboard,SpringBoard,Screenshot,6F2A0B51-9234-46AA-BE7C-C5856ECD40A2,6F2A0B51-9234-46AA-BE7C-C5856ECD40A2,sharingd,2026-08-07 17:13:29 UTC,c364c27a66992e3e012eb98fd5a4d04533bb1db746dd7b133c155e2deed8be50
IMG_3318.PNG,435336,2026:08:08 01:05:05,2026-08-08T01:05:05,2026-08-08 01:05:05,2026-08-07 17:05:05 UTC,Australia/Perth,com.apple.springboard,SpringBoard,Screenshot,72FA3C3C-DD7A-40EC-B9CB-180E8D5D3498,72FA3C3C-DD7A-40EC-B9CB-180E8D5D3498,sharingd,2026-08-07 17:13:29 UTC,e80fb769c4d50758bd40fe4b58a1efb18b16aa2a022ee2d198f9d91a0bd51cd4
IMG_3319.PNG,414512,2026:08:08 01:05:22,2026-08-08T01:05:22,2026-08-08 01:05:22,2026-08-07 17:05:22 UTC,Australia/Perth,com.apple.springboard,SpringBoard,Screenshot,E001A83B-0DE7-45D9-A087-ACF7B8C414F0,E001A83B-0DE7-45D9-A087-ACF7B8C414F0,sharingd,2026-08-07 17:13:29 UTC,2cd730da1cdc3723bb23f6ab9c293c728d2d5e94f40ff3b5860a3b2c19d42dc8
IMG_3320.PNG,528158,2026:08:08 01:05:52,2026-08-08T01:05:52,2026-08-08 01:05:52,2026-08-07 17:05:52 UTC,Australia/Perth,com.apple.springboard,SpringBoard,Screenshot,9C22E00A-74CF-490E-ABE3-BA37A0A52A53,9C22E00A-74CF-490E-ABE3-BA37A0A52A53,sharingd,2026-08-07 17:13:29 UTC,ee27692c450252169875b5f32e285439bd425afe3c6378f872a2c65186d963ef
IMG_3321.PNG,401679,2026:08:08 01:05:56,2026-08-08T01:05:56,2026-08-08 01:05:56,2026-08-07 17:05:56 UTC,Australia/Perth,com.apple.springboard,SpringBoard,Screenshot,A807A42F-CB7E-48E3-8981-56836CCCC490,A807A42F-CB7E-48E3-8981-56836CCCC490,sharingd,2026-08-07 17:13:29 UTC,86211ea3202f2b28db7d796537e0a9e1b28e2e8f2d2245400ff9f92a7229e534
IMG_3322.PNG,371890,2026:08:08 01:05:58,2026-08-08T01:05:58,2026-08-08 01:05:58,2026-08-07 17:05:58 UTC,Australia/Perth,com.apple.springboard,SpringBoard,Screenshot,1880380C-E77A-45DC-9DAD-3D64753E2325,1880380C-E77A-45DC-9DAD-3D64753E2325,sharingd,2026-08-07 17:13:29 UTC,dbcda0432826189b083c53ae69eaf269f97e9f873e1dc0ce545b09dfbb785b97
IMG_3323.PNG,386185,2026:08:08 01:06:13,2026-08-08T01:06:13,2026-08-08 01:06:13,2026-08-07 17:06:13 UTC,Australia/Perth,com.apple.springboard,SpringBoard,Screenshot,83E626CD-9FE5-47D4-9CBD-CD0A428981A3,83E626CD-9FE5-47D4-9CBD-CD0A428981A3,sharingd,2026-08-07 17:13:29 UTC,84f02f25ab82f814f544093ada97a4bdaaecc82a2c7844425d34af0d20d38f58
IMG_3324.PNG,533336,2026:08:08 01:06:15,2026-08-08T01:06:15,2026-08-08 01:06:15,2026-08-07 17:06:15 UTC,Australia/Perth,com.apple.springboard,SpringBoard,Screenshot,28093748-8414-4F52-90A7-0D7492600040,2809374884144f5290a70d749260,sharingd,2026-08-07 17:13:29 UTC,5e4e7ad9d5ef5d23cc0bd14704c0c38197e0e448f07bc0833bf0e0dc682d39cb
IMG_3325.PNG,370717,2026:08:08 01:06:20,2026-08-08T01:06:20,2026-08-08 01:06:20,2026-08-07 17:06:20 UTC,Australia/Perth,com.apple.springboard,SpringBoard,Screenshot,B725192C-A405-4A3E-858E-2229D9761D17,B725192C-A405-4A3E-858E-2229D9761D17,sharingd,2026-08-07 17:13:29 UTC,83b8b9257e3bba655e06f79c40fd096ab8d5f675766316321712dd52425f35f6
IMG_3326.PNG,471853,2026:08:08 01:06:29,2026-08-08T01:06:29,2026-08-08 01:06:29,2026-08-07 17:06:29 UTC,Australia/Perth,com.apple.springboard,SpringBoard,Screenshot,45806C23-4137-4127-B627-AB72FAE254C6,45806C23-4137-4127-B627-AB72FAE254C6,sharingd,2026-08-07 17:13:29 UTC,2efb83c102fa9e0ed2cdebf887014e3d771f9070de23728e7ab79cf8159ee9a3
IMG_3327.PNG,497445,2026:08:08 01:06:34,2026-08-08T01:06:34,2026-08-08 01:06:34,2026-08-07 17:06:34 UTC,Australia/Perth,com.apple.springboard,SpringBoard,Screenshot,ACE549E1-EB61-445D-97AF-D04EED15D6B5,ACE549E1-EB61-445D-97AF-D04EED15D6B5,sharingd,2026-08-07 17:13:29 UTC,7546bdbf738ece9d5d8eadafba50909ac6193455c1390d3894b00e64b4b327d3
IMG_3328.PNG,471802,2026:08:08 01:06:37,2026-08-08T01:06:37,2026-08-08 01:06:37,2026-08-07 17:06:37 UTC,Australia/Perth,com.apple.springboard,SpringBoard,Screenshot,DB8934FB-68E3-49FA-B79F-DFC5E58D23D3,DB8934FB-68E3-49FA-B79F-DFC5E58D23D3,sharingd,2026-08-07 17:13:29 UTC,4f104cddf40a3a13cd4ade39c37cec0d2c8842860fb47c275a6d8afb0c09720d
IMG_3329.PNG,509774,2026:08:08 01:06:39,2026-08-08T01:06:39,2026-08-08 01:06:39,2026-08-07 17:06:39 UTC,Australia/Perth,com.apple.springboard,SpringBoard,Screenshot,3CABA3EE-CCF5-4E24-9A24-5AE5FD3134B1,3CABA3EE-CCF5-4E24-9A24-5AE5FD3134B1,sharingd,2026-08-07 17:13:29 UTC,299246ca29b62696a07fe8a3dc44842f541c886c8138140c81b998c176dcd1b8
IMG_3330.PNG,499427,2026:08:08 01:06:41,2026-08-08T01:06:41,2026-08-08 01:06:41,2026-08-07 17:06:41 UTC,Australia/Perth,com.apple.springboard,SpringBoard,Screenshot,BB4528BD-07CE-4FDC-A84C-42575210EC2F,BB4528BD-07CE-4FDC-A84C-42575210EC2F,sharingd,2026-08-07 17:13:29 UTC,0028060f0caee1d0d88f7fcecc03105157b6f65477bf38cb1100845a2c7c7c62
IMG_3331.PNG,449607,2026:08:08 01:06:43,2026-08-08T01:06:43,2026-08-08 01:06:43,2026-08-07 17:06:43 UTC,Australia/Perth,com.apple.springboard,SpringBoard,Screenshot,A69E8781-C578-4FF5-9F76-C34F584CE11E,A69E8781-C578-4FF5-9F76-C34F584CE11E,sharingd,2026-08-07 17:13:29 UTC,1934e006391d0a4f4dad006206e81cccbe5e38b1778b85f363f5e490b5663ca0
IMG_3332.PNG,465238,2026:08:08 01:06:44,2026-08-08T01:06:44,2026-08-08 01:06:44,2026-08-07 17:06:44 UTC,Australia/Perth,com.apple.springboard,SpringBoard,Screenshot,0FE5BE79-3476-45C5-852E-68346CB23BCC,0FE5BE79-3476-45C5-852E-68346CB23BCC,sharingd,2026-08-07 17:13:29 UTC,d51cb0ff2a88566b6bd02177f67ab63333b5c58f633ebdc5261b3de775d9512b
IMG_3333.PNG,457986,2026:08:08 01:06:46,2026-08-08T01:06:46,2026-08-08 01:06:46,2026-08-07 17:06:46 UTC,Australia/Perth,com.apple.springboard,SpringBoard,Screenshot,F24FB9F0-0409-420C-9588-8F9B1B5D05DE,F24FB9F0-0409-420C-9588-8F9B1B5D05DE,sharingd,2026-08-07 17:13:29 UTC,4e994977cc161a4bb9d0be618e950c8b865d0495ee4741831fabb3a41c6e43b0
IMG_3334.PNG,523015,2026:08:08 01:06:48,2026-08-08T01:06:48,2026-08-08 01:06:48,2026-08-07 17:06:48 UTC,Australia/Perth,com.apple.springboard,SpringBoard,Screenshot,3920C985-F404-4392-A642-11EC49EA0666,3920C985-F404-4392-A642-11EC49EA0666,sharingd,2026-08-07 17:13:29 UTC,a66ab1342d0a9654be86c18e78cb35edee056c899597d1da3d4e9e6419142aeb
IMG_3335.PNG,517206,2026:08:08 01:06:50,2026-08-08T01:06:50,2026-08-08 01:06:50,2026-08-07 17:06:50 UTC,Australia/Perth,com.apple.springboard,SpringBoard,Screenshot,488CFA30-56D3-400A-ABCC-CD97BDE10948,488CFA30-56D3-400A-ABCC-CD97BDE10948,sharingd,2026-08-07 17:13:29 UTC,b4f1b5d8d4c50c6ae7b272f73d1072bf14e8d0eee4b146eadee1419abe643417
IMG_3336.PNG,456904,2026:08:08 01:06:52,2026-08-08T01:06:52,2026-08-08 01:06:52,2026-08-07 17:06:52 UTC,Australia/Perth,com.apple.springboard,SpringBoard,Screenshot,F72CD4F8-8223-4E8D-B544-70EA809BF552,F72CD4F8-8223-4E8D-B544-70EA809BF552,sharingd,2026-08-07 17:13:29 UTC,fb098e752fe5a727a1b82bc3b14a48f893ecd914d5054fd77ed389a4828222a5
IMG_3337.PNG,511895,2026:08:08 01:06:54,2026-08-08T01:06:54,2026-08-08 01:06:54,2026-08-07 17:06:54 UTC,Australia/Perth,com.apple.springboard,SpringBoard,Screenshot,E195CA51-6E87-4BC3-A80F-1FD37ACA829F,E195CA51-6E87-4BC3-A80F-1FD37ACA829F,sharingd,2026-08-07 17:13:29 UTC,90d2cc09f85ede4d0d9d606cab685dbc50c853ef9614fe3cf4b84a9373daab62
IMG_3338.PNG,521289,2026:08:08 01:06:56,2026-08-08T01:06:56,2026-08-08 01:06:56,2026-08-07 17:06:56 UTC,Australia/Perth,com.apple.springboard,SpringBoard,Screenshot,393E487B-1574-4212-8050-1841676A9B12,393E487B-1574-4212-8050-1841676A9B12,sharingd,2026-08-07 17:13:29 UTC,d001c7de3c4855133ac8722f11a6842989c35833e89c31d752a4a0feb7f03638
IMG_3339.PNG,487305,2026:08:08 01:06:59,2026-08-08T01:06:59,2026-08-08 01:06:59,2026-08-07 17:06:59 UTC,Australia/Perth,com.apple.springboard,SpringBoard,Screenshot,0C84E173-7430-41B6-A558-28331765BD3B,0C84E173-7430-41B6-A558-28331765BD3B,sharingd,2026-08-07 17:13:29 UTC,fb3de90c23e180e4f2f9efbd44fb294cda2ddede9a7283586e11165e060550e5
IMG_3340.PNG,441869,2026:08:08 01:07:02,2026-08-08T01:07:02,2026-08-08 01:07:02,2026-08-07 17:07:02 UTC,Australia/Perth,com.apple.springboard,SpringBoard,Screenshot,EE2FF8F6-05FE-45EE-B477-E38FF507C2E6,EE2FF8F6-05FE-45EE-B477-E38FF507C2E6,sharingd,2026-08-07 17:13:29 UTC,55ee702047cefd318b8e51d65f0f1901715b014349bc7a666abcd3e63540dfb6
IMG_3341.PNG,436920,2026:08:08 01:07:04,2026-08-08T01:07:04,2026-08-08 01:07:04,2026-08-07 17:07:04 UTC,Australia/Perth,com.apple.springboard,SpringBoard,Screenshot,2C878324-1B9B-43F3-BC49-E903FBB00CAA,2C878324-1B9B-43F3-BC49-E903FBB00CAA,sharingd,2026-08-07 17:13:29 UTC,256ef7154c6c1947b0799b52993d070e75388dcb33f1e7992a2bd7764f39fd5a
IMG_3342.PNG,455439,2026:08:08 01:07:06,2026-08-08T01:07:06,2026-08-08 01:07:06,2026-08-07 17:07:06 UTC,Australia/Perth,com.apple.springboard,SpringBoard,Screenshot,5FDF1352-A717-4565-AB08-56C3BDC0EA0D,5FDF1352-A717-4565-AB08-56C3BDC0EA0D,sharingd,2026-08-07 17:13:29 UTC,47f5b2beed02ee0f2cf45fb810016803331fe9386a8636347968918a534ba521
IMG_3343.PNG,457682,2026:08:08 01:07:08,2026-08-08T01:07:08,2026-08-08 01:07:08,2026-08-07 17:07:08 UTC,Australia/Perth,com.apple.springboard,SpringBoard,Screenshot,B5BBA4EA-2BC3-443F-9BAA-D39C1E5526CD,B5BBA4EA-2BC3-443F-9BAA-D39C1E5526CD,sharingd,2026-08-07 17:13:29 UTC,871bfb81ec9de2427854e60d660c8091362d4d6bb87b4bfd3762799ff42ece4d
IMG_3344.PNG,471544,2026:08:08 01:07:10,2026-08-08T01:07:10,2026-08-08 01:07:10,2026-08-07 17:07:10 UTC,Australia/Perth,com.apple.springboard,SpringBoard,Screenshot,9642A3A3-B04D-4AC9-92F8-BDC9AF584953,9642A3A3-B04D-4AC9-92F8-BDC9AF584953,sharingd,2026-08-07 17:13:29 UTC,f10046f921f4dd1b6c8c71f326373434956d9b0d830b7239f9ffed7959b5fa7b
IMG_3345.PNG,469773,2026:08:08 01:07:11,2026-08-08T01:07:11,2026-08-08 01:07:11,2026-08-07 17:07:11 UTC,Australia/Perth,com.apple.springboard,SpringBoard,Screenshot,CDEE25A2-E2C3-4680-A066-D66AFE724445,CDEE25A2-E2C3-4680-A066-D66AFE724445,sharingd,2026-08-07 17:13:29 UTC,e5bea6a3005208c3c4cfe3506a733646a5607f9083ccf19695eac0d9ff19cc96
IMG_3346.PNG,455903,2026:08:08 01:07:16,2026-08-08T01:07:16,2026-08-08 01:07:16,2026-08-07 17:07:16 UTC,Australia/Perth,com.apple.springboard,SpringBoard,Screenshot,447DCBF5-E527-4F77-A285-64D890F686E1,447DCBF5-E527-4F77-A285-64D890F686E1,sharingd,2026-08-07 17:13:29 UTC,26caf788c9ae3a07030e46e905a88e8eccfb677aba036064c0c408430b70d1ea
IMG_3347.PNG,473357,2026:08:08 01:07:18,2026-08-08T01:07:18,2026-08-08 01:07:18,2026-08-07 17:07:18 UTC,Australia/Perth,com.apple.springboard,SpringBoard,Screenshot,D969BA5E-091E-44FC-955F-972C49B195BB,D969BA5E-091E-44FC-955F-972C49B195BB,sharingd,2026-08-07 17:13:29 UTC,9ed00b4898ae60ce5eb2be55c7ac9753c56f79ab74ea69c9a8e77324ebff0715
IMG_3348.PNG,467646,2026:08:08 01:07:21,2026-08-08T01:07:21,2026-08-08 01:07:21,2026-08-07 17:07:21 UTC,Australia/Perth,com.apple.springboard,SpringBoard,Screenshot,332231FC-220B-4740-88CF-2E848421DB74,332231FC-220B-4740-88CF-2E848421DB74,sharingd,2026-08-07 17:13:29 UTC,ed2b6b4e1fb1d2e1ddb6049d4b4254cebec9674d7ce319308f1fb6547d9c476c
IMG_3349.PNG,497240,2026:08:08 01:07:23,2026-08-08T01:07:23,2026-08-08 01:07:23,2026-08-07 17:07:23 UTC,Australia/Perth,com.apple.springboard,SpringBoard,Screenshot,A08C5898-978E-48FE-8CDB-D9596263EE1E,A08C5898-978E-48FE-8CDB-D9596263EE1E,sharingd,2026-08-07 17:13:29 UTC,58811eff200e26d779c4230e53bd06525d5e4cce5d24be3ec4923469c005c2cd
IMG_3350.PNG,514994,2026:08:08 01:07:26,2026-08-08T01:07:26,2026-08-08 01:07:26,2026-08-07 17:07:26 UTC,Australia/Perth,com.apple.springboard,SpringBoard,Screenshot,311FB35E-216E-4DB9-8CBC-75C389AC8384,311FB35E-216E-4DB9-8CBC-75C389AC8384,sharingd,2026-08-07 17:13:29 UTC,74d196529d41f9ea2b92de3f0e67a063deee4a6df8c438a0ecab6af8cb0516c0
IMG_3351.PNG,455690,2026:08:08 01:07:28,2026-08-08T01:07:28,2026-08-08 01:07:28,2026-08-07 17:07:28 UTC,Australia/Perth,com.apple.springboard,SpringBoard,Screenshot,1F6FE61C-FF01-4D76-9F70-CCB2A15FACAA,1F6FE61C-FF01-4D76-9F70-CCB2A15FACAA,sharingd,2026-08-07 17:13:29 UTC,3c926dd23da799c6cff6906e8a6e724f6865af248496e0791d4a0832617c0211
IMG_3352.PNG,507399,2026:08:08 01:07:31,2026-08-08T01:07:31,2026-08-08 01:07:31,2026-08-07 17:07:31 UTC,Australia/Perth,com.apple.springboard,SpringBoard,Screenshot,EBE65A39-6AED-40B5-920B-D3130BE1A4D6,EBE65A39-6AED-40B5-920B-D3130BE1A4D6,sharingd,2026-08-07 17:13:29 UTC,bd715d65667db81531814a179d72bd12b7f7bd5df51c3edabcb6e67a6f1c1594
IMG_3353.PNG,484538,2026:08:08 01:07:33,2026-08-08T01:07:33,2026-08-08 01:07:33,2026-08-07 17:07:33 UTC,Australia/Perth,com.apple.springboard,SpringBoard,Screenshot,8F3BE999-0F22-4FD1-987A-BA56A69A7CCC,8F3BE999-0F22-4FD1-987A-BA56A69A7CCC,sharingd,2026-08-07 17:13:29 UTC,7ad94a4d10b415df2b9228fa21f21f962e4b7b56fb7c2843372253502480590d
IMG_3354.PNG,400140,2026:08:08 01:07:35,2026-08-08T01:07:35,2026-08-08 01:07:35,2026-08-07 17:07:35 UTC,Australia/Perth,com.apple.springboard,SpringBoard,Screenshot,CBD2307E-4E43-448C-8F1E-BFC6BEB956CE,CBD2307E-4E43-448C-8F1E-BFC6BEB956CE,sharingd,2026-08-07 17:13:29 UTC,b5388773afb85df91f15d7b276db011e48f4a3d4de5947c25fb06b50571c62bc
IMG_3355.PNG,420553,2026:08:08 01:07:38,2026-08-08T01:07:38,2026-08-08 01:07:38,2026-08-07 17:07:38 UTC,Australia/Perth,com.apple.springboard,SpringBoard,Screenshot,A389ED57-FBBE-479A-AEE6-29598F1340A9,A389ED57-FBBE-479A-AEE6-29598F1340A9,sharingd,2026-08-07 17:13:29 UTC,d75b5ac82795db95d8993604e1fb9c4af4b01463d641a32d6d5c65d889a9585a
IMG_3356.PNG,484856,2026:08:08 01:07:40,2026-08-08T01:07:40,2026-08-08 01:07:40,2026-08-07 17:07:40 UTC,Australia/Perth,com.apple.springboard,SpringBoard,Screenshot,22689CE4-78EC-4F16-8A54-D81A64E719DA,22689CE4-78EC-4F16-8A54-D81A64E719DA,sharingd,2026-08-07 17:13:29 UTC,7a5535efc9d736a047a2e53783aa6441f7f5255ade770f2bcf2c41c0e7d29f88
IMG_3357.PNG,522303,2026:08:08 01:07:42,2026-08-08T01:07:42,2026-08-08 01:07:42,2026-08-07 17:07:42 UTC,Australia/Perth,com.apple.springboard,SpringBoard,Screenshot,1FA7667F-AAAD-4D80-BE1C-E43E88AD4749,1FA7667F-AAAD-4D80-BE1C-E43E88AD4749,sharingd,2026-08-07 17:13:29 UTC,12032fd3eccca4cf5a9a6e96154ef4dda19bc6b69f73dde5150a27d9ae102ce9
IMG_3358.PNG,532686,2026:08:08 01:07:45,2026-08-08T01:07:45,2026-08-08 01:07:45,2026-08-07 17:07:45 UTC,Australia/Perth,com.apple.springboard,SpringBoard,Screenshot,339DEF38-E452-40D2-8412-9C53407BA034,339DEF38-E452-40D2-8412-9C53407BA034,sharingd,2026-08-07 17:13:29 UTC,f4159cfe4f295825b3b9baae331d8ae9a32099403182bc94de903428cccf2c91
IMG_3359.PNG,2569646,2026:08:08 01:13:19,2026-08-08T01:13:19,2026-08-08 01:13:19,2026-08-07 17:13:19 UTC,Australia/Perth,com.apple.springboard,SpringBoard,Screenshot,3886B39A-2619-4F39-BA37-715682DB2EA3,3886B39A-2619-4F39-BA37-715682DB2EA3,sharingd,2026-08-07 17:13:29 UTC,93dbc26c54828d1cfef0ac615a2ff755da7a5a4d8ef6638735b75adc6e05eba3
